great,15588
spacious,10949
beautiful,10455
luxury,9263
available,7614
amazing,7515
free,7396
modern,6572
supports,5764
best,5136
super,5016
well,4855
gorgeous,3875
stunning,3787
bright,3734
perfect,3606
top,3401
easy,3178
enjoy,3152
tops,3124
right,3077
friendly,2793
like,2657
quiet,2589
ample,2253
hot,2231
convenient,2230
good,2128
grand,2120
fantastic,2073
beautifully,2003
conveniently,1932
spectacular,1924
nice,1742
effective,1645
excellent,1599
lovely,1492
convenience,1475
charming,1472
welcome,1471
luxurious,1449
elegant,1393
master,1285
work,1209
incredible,1175
fine,1146
clean,1132
classic,1021
happy,1020
wonderful,984
polished,979
ready,965
breathtaking,949
generous,895
fast,875
reliable,874
love,861
abundant,856
fabulous,780
helpful,768
panoramic,763
enough,754
ideal,737
finest,727
comfortable,720
complimentary,714
correct,700
abundance,693
gem,689
expansive,687
vibrant,680
approval,674
entertaining,651
beauty,650
magnificent,640
charm,613
awesome,608
trendy,602
perfectly,561
desirable,556
sleek,529
variety,475
better,460
amenity,454
upgraded,439
cozy,437
famous,433
fresh,428
secure,423
advantage,415
exciting,415
chic,408
stylish,404
comfort,396
sophisticated,390
unbeatable,384
upscale,384
exquisite,375
immaculate,370
warm,369
